Whole Turkey 4kg +,turkey,
Whole Turkey 5kg +,turkey,
Whole Turkey 6kg +,turkey,
Whole Turkey 7kg +,turkey,
Boned and Seasoned Turkey - Apricot & Macadamia Nut,turkey,
Boned and Seasoned Turkey - Sage & Onion,turkey,
Turkey Buffet 4kg +,turkey,
Turkey Buffet 5kg +,turkey,
Turkey Buffet 6kg +,turkey,
Turkey Breast Fillet - Plain,turkey,
"Turkey Breast Fillet - Chestnut, Cranberry & Cinnamon",turkey,
Turkey Breast Fillet - Fig & Ciabatta,turkey,
Turkey Breast Fillet - Apricot & Macadamia Nut,turkey,
Trio Poulet,turkey,
Full Ham on Bone - 7.5kg,ham,
Full Ham on Bone - 8kg,ham,
Full Ham on Bone - 8.5kg,ham,
Full Ham on Bone - 9kg +,ham,
Full Ham on Bone - Glazed Ham on Bone,ham,
Full Ham on Bone -  Prep for Glaze,ham,
Half Ham on Bone,ham,
Half Ham on Bone - Glazed Ham on Bone,ham,
Half Ham on Bone - Prep for Glaze,ham,
Rare Breed H.O.B,ham,
Ham Nuggets < 1kg,ham,
Ham Nuggets > 1kg,ham,
Boneless Leg Ham,ham,
Boneless Leg Ham - Glazed,ham,
Boneless Leg Ham - Prep for Glaze,ham,
Boned & Seasoned Chicken,poultry,
Marinated Chicken Steaks,poultry,
Whole Chicken - Bannockburn,poultry,
Whole Chicken - Barossa,poultry,
Whole Chicken - Milawa,poultry,
Plain Pork Belly,pork,
Pork Racks 3pts,pork,
Pork Racks 4pts,pork,
Pork Racks 5pts,pork,
Pork Racks 6pts,pork,
Rolled Loin of Pork - Plain - 1kg,pork,
Rolled Loin of Pork - Plain - 1.5kg,pork,
Rolled Loin of Pork - Plain - 2kg,pork,
Rolled Loin of Pork - Plain - 2.5kg,pork,
Rolled Loin of Pork - Plain - 3kg,pork,
Rolled Loin of Pork - Sage & Onion - 1kg,pork,
Rolled Loin of Pork - Sage & Onion - 1.5kg,pork,
Rolled Loin of Pork - Sage & Onion - 2kg,pork,
Rolled Loin of Pork - Sage & Onion - 2.5kg,pork,
Rolled Loin of Pork - Sage & Onion - 3kg,pork,
"Rolled Loin of Pork - Chestnut, Cran & Cinnamon - 1kg",pork,
"Rolled Loin of Pork - Chestnut, Cran & Cinnamon - 1.5kg",pork,
"Rolled Loin of Pork - Chestnut, Cran & Cinnamon - 2kg",pork,
"Rolled Loin of Pork - Chestnut, Cran & Cinnamon - 2.5kg",pork,
"Rolled Loin of Pork - Chestnut, Cran & Cinnamon - 3kg",pork,
Eye Fillet Roast - Whole,beef,
Eye Fillet - Steaks,beef,
Rib Eye Roast - 2 ribs,beef,
Rib Eye Roast - 3 ribs,beef,
Rib Eye Roast - 4 ribs,beef,
Rib Eye Roast - 5 ribs,beef,
Rib Eye Roast - 6 ribs,beef,
Rib Eye Roast - Steaks,beef,
Scotch Fillet Roast - Whole,beef,
Scotch Fillet - Steaks,beef,
Porterhouse Roast - Whole,beef,
Porterhouse Roast - Steaks,beef,
Apple Sauce,other,
Fig & Ciabatta Seas. - Small,other,
Fig & Ciabatta Seas. - Large,other,
Apricot & Mac Seas. - Small,other,
Apricot & Mac Seas. - Large,other,
Sage and Onion Seas. - Small,other,
Sage and Onion Seas. - Large,other,
Chestnut & Cinn Seas. - Small,other,
Chestnut & Cinn Seas. - Large,other,
Cranberry Seas.,other,
Turkey Gravy,other,
Minted Cutlets,lamb,
Plain Cutlets,lamb,
Lamb Rack,lamb,
Marinated Butterfly Leg,lamb,
Medit Butterflied Leg,lamb,
Chicken & Chive Chip,sausages,
Plain Thin,sausages,
Plain Chip,sausages,
"H, L & R Thick",sausages,
"H, L & R Chip",sausages,
Chicken & Corn,sausages,
Pork Thick,sausages,
Pork Chip,sausages,
Turkey Thick,sausages,
