Product Title,Meat Type,Image Name (eg. product.jpg)
Whole Turkey,turkey,Bouchier_Christmas_Turkey_20997-min
Boned and Seasoned Turkey,turkey,Bouchier_Christmas_Turkey Seasoned Boned_21016-min
Turkey Buffet,turkey,Bouchier_Christmas_Turkey Buff_21008-min
Turkey Breast Fillet,turkey,Bouchier_Christmas_Turkey Breast_20973-min
Seasoned Turkey Fillet,turkey,Bouchier_Christmas_Turkey Seasoned Fillet_20976-min
Trio Poulet,turkey,Bouchier_Christmas_Trio Poulet_21024-min
Full Ham on Bone,ham,Bouchier_Christmas_Ham Full                          _21035-min
Half Ham on Bone,ham,Bouchier_Christmas_Ham Halves _21061-min
Rare Breed H.O.B,ham,
Ham Nuggets,ham,Bouchier_Christmas_Ham Boneless Leg Ham_21043-min
Boneless Leg Ham,ham,Bouchier_Christmas_Ham Nuggets_21039-min
Ducks,poultry,Bouchier_Christmas_Duck_21031-min
Boned and Seasoned Duck,poultry,Bouchier_Christmas_Duck Seasoned_20970-min
Free Range Geese,poultry,Bouchier_Christmas_Goose_20993-min
Boned & Seasoned Chicken,poultry,Bouchier_Christmas_Chicken Boned Seasoned_20959-min
Marinated Chicken Steaks,poultry,
Whole Chicken,poultry,Bouchier_Christmas_Chicken Saskia_20972-min
Plain Pork Belly,pork,
Pork Racks,pork,Bouchier_Christmas_Pork Rack_20940-min
Rolled Loin of Pork,pork,Bouchier_Christmas_Pork Loin_20930-min
Eye Roast,beef,Bouchier_Christmas_Eye Fillet_20905-min
Rib Eye Roast,beef,Bouchier_Christmas_Beef Rack_20904-min
Scotch Fillet Roast,beef,Bouchier_Christmas_Scotch Fillet_20916-min
Porterhouse Roast,beef,Bouchier_Christmas_Porterhouse_20919-min
Rib Eye Steak,beef,Bouchier_Christmas_Beef Rack_20904-min
Scotch Fillet Steak,beef,Bouchier_Christmas_Scotch Fillet_20916-min
Porterhouse Steak,beef,Bouchier_Christmas_Porterhouse_20919-min
Apple Sauce,other,
Fig & Ciabatta Seas.,other,Bouchier_Christmas_Seasonings_21079-min
Apricot & Mac Seas.,other,Bouchier_Christmas_Seasonings_21079-min
Sage and Onion Seas.,other,Bouchier_Christmas_Seasonings_21079-min
Chestnut & Cinn Seas.,other,Bouchier_Christmas_Seasonings_21079-min
Cranberry Seas.,other,Bouchier_Christmas_Seasonings_21079-min
Minted Cutlets,lamb,
Plain Cutlets,lamb,
Lamb Rack,lamb,
Marinated Butterfly Leg,lamb,
Medit Butterflied Leg,lamb,
Chicken & Chive Chip,sausage,
Plain Thin,sausage,
Plain Chip,sausage,
"H, L & R Thick",sausage,
"H, L & R Chip",sausage,
Chicken & Corn,sausage,
Pork Thick,sausage,
Pork Chip,sausage,
Turkey Thick,sausage,
